gender,name.title,name.first,name.last,location.street.number,location.street.name,location.city,location.state,location.country,location.postcode,location.coordinates.latitude,location.coordinates.longitude,location.timezone.offset,location.timezone.description,email,login.uuid,login.username,login.password,login.salt,login.md5,login.sha1,login.sha256,dob.date,dob.age,registered.date,registered.age,phone,cell,id.name,id.value,picture.large,picture.medium,picture.thumbnail,nat
female,Miss,Mahika,Kumar,7712,Tripolia Bazar,Warangal,Haryana,India,54860,4.6749,134.1660,+9:00,"Tokyo, Seoul, Osaka, Sapporo, Yakutsk",mahika.kumar@example.com,572dcff5-760e-4601-9738-e14cbc0353ca,lazytiger179,caprice,Ac5xafJB,f67e29bb27be8fe4a289ce1fdadbbd4b,34c028a81c1817dfd4ae7ec73a8a36dbc158146a,ebcba91186d8c03ac942170c10617fc6e9d2388eaa6f15537cafdecb20528b3f,1960-11-08T01:09:47.847Z,62,2017-08-05T19:21:32.568Z,5,9023286145,7339389701,UIDAI,929779074589,https://randomuser.me/api/portraits/women/72.jpg,https://randomuser.me/api/portraits/med/women/72.jpg,https://randomuser.me/api/portraits/thumb/women/72.jpg,IN
male,Mr,Imme,Webbink,7695,G N Schutterlaan,Brielle,Drenthe,Netherlands,5860 KP,-64.6907,-20.5711,+1:00,"Brussels, Copenhagen, Madrid, Paris",imme.webbink@example.com,9555f5df-b12f-43eb-bf1b-68eeb36f7c81,yellowtiger761,club,l8dimgUt,b45e94ea355fd3964e4c987223cae5d7,6dc70df5b6348e2a41b907d7dd495938be323142,ca08a1e014eb8756f6cae450ad46fa1f4d2fd610553aeead7d9af2f806d6c353,1998-02-11T11:18:24.251Z,24,2012-04-26T17:03:28.082Z,10,(0154) 057091,(06) 98897790,BSN,48128217,https://randomuser.me/api/portraits/men/2.jpg,https://randomuser.me/api/portraits/med/men/2.jpg,https://randomuser.me/api/portraits/thumb/men/2.jpg,NL
female,Mrs,Elisa,Deschamps,5812,Cours Charlemagne,Marseille,Cher,France,64998,-82.0310,94.2940,+9:00,"Tokyo, Seoul, Osaka, Sapporo, Yakutsk",elisa.deschamps@example.com,2f0231c5-3feb-4f80-a532-0b2b529619b0,angrypeacock812,legolas,2wgWCtX4,4fa838e8158c0c425b3508e6d64cf0fa,5febde06682f5388cfbfd33c2101c51edd91c8a7,029106217d52dd71b574eaa922c41f0a5829cd522d76ba86e0803e7997d6c808,1952-10-28T11:53:10.958Z,70,2006-08-12T14:15:34.949Z,16,03-87-44-93-26,06-39-78-20-39,INSEE,2520967988101 90,https://randomuser.me/api/portraits/women/63.jpg,https://randomuser.me/api/portraits/med/women/63.jpg,https://randomuser.me/api/portraits/thumb/women/63.jpg,FR
female,Miss,Albane,Vidal,2758,Avenue du Château,Bordeaux,Pyrénées-Atlantiques,France,63775,87.2067,-118.3792,+5:30,"Bombay, Calcutta, Madras, New Delhi",albane.vidal@example.com,afddfcbe-06d2-43c4-ab9d-b1696c436e92,goldenswan454,hahahaha,jfKQYlhc,bb3c4682f756a60bfdb6e11650f3c1d5,43baaf38fa662e77415783ef3fd8e73c04a5ec62,5a9522fef72d8901734126e0831c4dcfebeb19af0ad6dffeeda8462674eb30de,1988-03-31T14:01:56.913Z,34,2010-03-10T08:05:18.424Z,12,03-98-23-91-19,06-54-86-89-57,INSEE,2880284154633 30,https://randomuser.me/api/portraits/women/50.jpg,https://randomuser.me/api/portraits/med/women/50.jpg,https://randomuser.me/api/portraits/thumb/women/50.jpg,FR
female,Ms,Susie,Morris,5362,Park Avenue,Peterborough,Kent,United Kingdom,M68 8NP,-4.4780,-117.2298,+5:00,"Ekaterinburg, Islamabad, Karachi, Tashkent",susie.morris@example.com,9d51c75c-e80c-4c23-a7db-67f5495ebe30,beautifulleopard184,peng,XQ86syKt,7e78059b2affc6d851d31ae3049ca341,3f1fd8bf73b6710e9b29aeb18988298eeeb28ca7,c1068266da51b91965c1533d9ad17e2e9aee60c90ccfca5668d0c576e74b9084,1993-10-05T05:23:40.255Z,29,2010-07-24T08:34:52.469Z,12,015394 97230,07154 921157,NINO,JK 26 18 88 P,https://randomuser.me/api/portraits/women/82.jpg,https://randomuser.me/api/portraits/med/women/82.jpg,https://randomuser.me/api/portraits/thumb/women/82.jpg,GB
male,Mr,Jatin,Belligatti,4505,China Bazaar Rd,Raurkela Industrial Township,Manipur,India,75634,-23.4297,153.2874,+10:00,"Eastern Australia, Guam, Vladivostok",jatin.belligatti@example.com,abfed212-6c0f-42b4-82c9-219ad31065d6,greenmouse647,pink,Z528og3r,faad9693a579269202417d014a6f3cd7,58600c0266ac4ea10086ad62637243a6b882323e,694d35285d3d8bcfe73530277ff675b5e5b81692ddb82eb3ce24c35e6e5fac7a,1959-03-09T09:32:07.263Z,63,2012-12-22T00:11:02.185Z,10,8823968847,7515789491,UIDAI,443475230749,https://randomuser.me/api/portraits/men/75.jpg,https://randomuser.me/api/portraits/med/men/75.jpg,https://randomuser.me/api/portraits/thumb/men/75.jpg,IN
female,Ms,Ester,de Souza,1973,Rua Tiradentes ,Trindade,Rio de Janeiro,Brazil,65147,48.2666,-37.7769,-5:00,"Eastern Time (US & Canada), Bogota, Lima",ester.desouza@example.com,89fd35f2-3f87-4e9e-b9cd-7287a647eeab,tinydog772,12345,dwkAluFc,eb7c1463b2434ffa955b07803a67ff08,bf8f4acb6a340e05d505a9131617a9997480a2bf,9cc463d2a6352b8a12b9eb1cceaafcdd69bb56a5265ebd6b5f291e5de616b9b8,1963-04-17T19:27:10.584Z,59,2013-08-05T09:57:22.927Z,9,(43) 1926-9486,(91) 1195-8428,CPF,397.180.360-45,https://randomuser.me/api/portraits/women/69.jpg,https://randomuser.me/api/portraits/med/women/69.jpg,https://randomuser.me/api/portraits/thumb/women/69.jpg,BR
male,Mr,Mathew,Baker,3839,Main Road,Newcastle upon Tyne,North Yorkshire,United Kingdom,C22 6UP,30.2227,13.0445,-4:00,"Atlantic Time (Canada), Caracas, La Paz",mathew.baker@example.com,9a84cafe-4695-4a18-9d6d-8027fbaf0d25,silverduck918,forget,k07RpcrI,102dadb43c116b7c71245c75f2be95f9,45807224398da9e615a1e3d12baf119fa6210c4b,b68d948e8c5f4883e14273daab099d3cdd22de2f0ac2f2cf3bef42bb855841f9,1987-06-23T01:13:27.625Z,35,2015-05-17T14:10:23.918Z,7,015396 80134,07829 645955,NINO,KL 51 56 41 V,https://randomuser.me/api/portraits/men/45.jpg,https://randomuser.me/api/portraits/med/men/45.jpg,https://randomuser.me/api/portraits/thumb/men/45.jpg,GB
female,Madame,Katia,Adam,9222,Avenue Vauban,Schneisingen,Zug,Switzerland,1122,10.3507,51.5744,+4:30,Kabul,katia.adam@example.com,6fb9a1b1-6de3-4afb-a6fe-342e2ec9cd35,beautifulelephant881,stream,tCNIXtgs,e8ea0a96dba25ca4f563b647fc969533,1cb9c1f4179f483fa73523ea18234e8426df2f65,ad2e07ea0ca784b4751c39a4bc2ea0c9bddc7e64f61da429daba7c0ad2521338,1955-03-29T02:34:38.881Z,67,2020-01-30T18:31:41.567Z,3,079 121 69 01,076 486 99 75,AVS,756.8587.9279.43,https://randomuser.me/api/portraits/women/55.jpg,https://randomuser.me/api/portraits/med/women/55.jpg,https://randomuser.me/api/portraits/thumb/women/55.jpg,CH
female,Madame,Anne-Lise,Lefebvre,6509,Rue D'Abbeville,Greng,Thurgau,Switzerland,5796,-15.9769,173.5673,+6:00,"Almaty, Dhaka, Colombo",anne-lise.lefebvre@example.com,b44029d3-526d-42b5-8153-81a25d3a03a9,silvermeercat711,charlie1,i3ON2Siv,4ce95621645caa43df84218f31491434,21ffc8c66bd85694fc776d46c4a2990ee107369b,9c0ffcea09e319aa75e14a4c9684075b13737eb6d3d59712bd2dacd8318482ca,1967-12-24T06:34:11.610Z,55,2005-05-31T10:29:14.942Z,17,077 163 72 98,075 427 05 17,AVS,756.0577.6054.87,https://randomuser.me/api/portraits/women/7.jpg,https://randomuser.me/api/portraits/med/women/7.jpg,https://randomuser.me/api/portraits/thumb/women/7.jpg,CH
male,Mr,Özkan,Korol,2984,Atatürk Sk,Sivas,Kütahya,Turkey,31676,29.2580,83.1671,-5:00,"Eastern Time (US & Canada), Bogota, Lima",ozkan.korol@example.com,732ba7c1-2279-47bb-bcb7-99fde81ed053,ticklishduck758,biao,3xvd4H4q,b2173a955150c33cb26358c68cc8299f,aa346379666ec314637ffada381c63b889c980bb,75173f0ace8dacde2586aa5e41578de236c1caba65b22c3261d10a6fc075a766,1945-11-26T20:26:56.149Z,77,2012-08-01T20:43:47.055Z,10,(616)-572-8476,(221)-240-3974,,null,https://randomuser.me/api/portraits/men/99.jpg,https://randomuser.me/api/portraits/med/men/99.jpg,https://randomuser.me/api/portraits/thumb/men/99.jpg,TR
female,Mrs,Lana,Lecomte,5937,Place de L'Europe,Reims,Orne,France,16094,2.2386,-29.8981,-3:30,Newfoundland,lana.lecomte@example.com,e3239bdf-a0d9-4908-837a-dc78af105ce2,blackmeercat503,einstein,65IJelYf,7f40dde046b8e8579fc877400d63cf29,614fdae2dbc85be1e676caba45513d945d5405b9,2fa6870a58c449e61a8cb2b1cb366c3aa47e7bc51f9cdddf8d47cb02f629e5f3,1981-03-27T17:01:39.118Z,41,2014-11-19T18:34:23.846Z,8,02-40-98-66-96,06-02-27-26-33,INSEE,2810224525163 63,https://randomuser.me/api/portraits/women/19.jpg,https://randomuser.me/api/portraits/med/women/19.jpg,https://randomuser.me/api/portraits/thumb/women/19.jpg,FR
female,Ms,Magadara,Dumenko,701,Novoprozorivska,Lanivci,Rivnenska,Ukraine,22239,70.0008,46.8134,-1:00,"Azores, Cape Verde Islands",magadara.dumenko@example.com,589f4b6e-8655-463b-aedc-98582f72c9bd,lazybutterfly469,redrose,V9JmEaO6,405c444d64acc3c78ee42f5f9906e357,abdecbbfb93dd707c78af92a8b7589462bc8d36d,c9ce8f4facf8161b949366f8e8ebd8fa083dff42a6e75965856d8af10f888a11,1965-01-04T06:07:59.981Z,58,2005-03-13T17:12:18.471Z,17,(096) J30-4132,(098) J02-3544,,null,https://randomuser.me/api/portraits/women/66.jpg,https://randomuser.me/api/portraits/med/women/66.jpg,https://randomuser.me/api/portraits/thumb/women/66.jpg,UA
female,Mrs,Felicia,Jones,3634,W Dallas St,Tamworth,Western Australia,Australia,2408,72.7779,132.5175,-8:00,Pacific Time (US & Canada),felicia.jones@example.com,f31e4b5a-948c-47c4-8fad-d7b0829cee6f,lazyfrog731,archer,mXzyfEL1,2cff4360d81e36020d9afa7a5a866770,fb8e19baf853185974a4a21f4d8c81f720fcbd73,b1af119fa4ebfb455b175cb512324e58ac2baee7cc73425fa868e71fdc71f421,1978-07-20T09:59:04.140Z,44,2019-07-18T03:32:31.231Z,3,03-8549-5481,0458-377-760,TFN,497932970,https://randomuser.me/api/portraits/women/19.jpg,https://randomuser.me/api/portraits/med/women/19.jpg,https://randomuser.me/api/portraits/thumb/women/19.jpg,AU
female,Miss,سوگند,سلطانی نژاد,6980,داودی,آبادان,کهگیلویه و بویراحمد,Iran,39118,-55.1075,-6.3996,-7:00,Mountain Time (US & Canada),swgnd.sltnynjd@example.com,747b8450-c7f0-4a45-b43d-ea9052625800,brownpanda185,choice,5ngiyXM8,2bea764e46e81d68a3e5f209b7ffff64,ceb924ad01cbe00141dc3b503ab43e733f5543fa,865c6311df31492ca790ffa07a815255e50fe2d97229ae819cf80456f47540e9,1950-04-12T15:24:29.798Z,72,2004-05-28T20:03:37.589Z,18,061-64750811,0980-395-8016,,null,https://randomuser.me/api/portraits/women/71.jpg,https://randomuser.me/api/portraits/med/women/71.jpg,https://randomuser.me/api/portraits/thumb/women/71.jpg,IR
female,Miss,Alice,Chen,3672,Stafford Street,Christchurch,Nelson,New Zealand,42898,72.9458,-112.4768,+5:30,"Bombay, Calcutta, Madras, New Delhi",alice.chen@example.com,b59b652f-39e7-4ebf-a21f-9d74d5eb2d15,angrymeercat630,hewitt,3GfwetSa,2b6b24ca794fd8d8096daabbc7b07bd5,e0e88053603cba2dc708770874f0f30ae1a3787c,74dff554deb295e62a18260222495c5855b677fa136fd478b48d529e295055a9,1964-08-24T12:20:21.280Z,58,2013-01-19T15:55:49.189Z,10,(148)-023-6494,(689)-992-5546,,null,https://randomuser.me/api/portraits/women/71.jpg,https://randomuser.me/api/portraits/med/women/71.jpg,https://randomuser.me/api/portraits/thumb/women/71.jpg,NZ
female,Mrs,Lorena,Gallego,8433,Calle de Ángel García,Valladolid,Andalucía,Spain,87743,29.9684,-156.7617,-5:00,"Eastern Time (US & Canada), Bogota, Lima",lorena.gallego@example.com,7872a046-58a9-42ff-b304-95c3eca73bc2,silverbear750,8j4ye3uz,zmuN4RPf,28270e52dfbcd51b892e0624accda088,abbd3c4e197c169975af07592df7f8b56afb1fb0,9c787ddb7ff493729d831dd7d6ef41ae1dae16a9fcb75e97bc913abaf854de01,1966-01-13T22:39:35.851Z,57,2005-11-24T10:04:36.360Z,17,909-883-970,695-184-470,DNI,37566287-F,https://randomuser.me/api/portraits/women/62.jpg,https://randomuser.me/api/portraits/med/women/62.jpg,https://randomuser.me/api/portraits/thumb/women/62.jpg,ES
male,Mr,Aaron,Terry,7271,Ash Dr,Adelaide,Queensland,Australia,1702,-68.9644,18.7085,+6:00,"Almaty, Dhaka, Colombo",aaron.terry@example.com,4223ac73-cdbe-4f57-8aec-741b145a8ae3,beautifulmouse596,fatty,CrKHwZdE,e106bdcb9fc1f282de370411925ba56c,c7a6c527c1d837e09db81db744debf9dd4182d45,fa08eae866616ae9d275911a145a693750de915c1e7ca9792e1f7cbb2a8a8aea,1955-07-04T06:48:26.189Z,67,2015-03-13T22:24:56.020Z,7,09-5634-8185,0407-309-562,TFN,358920895,https://randomuser.me/api/portraits/men/36.jpg,https://randomuser.me/api/portraits/med/men/36.jpg,https://randomuser.me/api/portraits/thumb/men/36.jpg,AU
male,Mr,حامد,کامروا,6466,پاسداران,اصفهان,لرستان,Iran,92158,-21.2783,5.8449,-3:30,Newfoundland,hmd.khmrw@example.com,ff4b3a1e-d5a2-4095-8fe0-267b04531ef3,whitefrog516,glennwei,qmqu4Re7,f5925fb6adaa1aa027188c6dfaf85d37,679fa05fe4af5e9001c48928719330cc2dd484d8,388217fab6239fec767a924916e8377be76305af53136862edf677b6489ec8ce,1988-11-04T07:41:01.412Z,34,2012-10-18T18:30:35.799Z,10,058-11764709,0952-585-6874,,null,https://randomuser.me/api/portraits/men/83.jpg,https://randomuser.me/api/portraits/med/men/83.jpg,https://randomuser.me/api/portraits/thumb/men/83.jpg,IR
female,Ms,Waldtraut,Greulich,7885,Uhlandstraße,Großenehrich,Baden-Württemberg,Germany,93058,-53.1513,79.9327,-3:00,"Brazil, Buenos Aires, Georgetown",waldtraut.greulich@example.com,48297c38-f494-431a-8d1e-6a3ded6085b4,silverladybug641,jillian,7XMXvRiA,5f0ac669e926fbb9f2a22c179974188d,2ed3243be0df2de7f77d20c151ea9415e596062d,09bd52557f0b8b45a1c3a08475f9ce5bf9f458b75da5fed4297744d4e9139a61,1962-12-27T04:33:46.493Z,60,2013-08-13T00:58:00.340Z,9,0980-4408331,0177-1342022,SVNR,09 261262 G 574,https://randomuser.me/api/portraits/women/48.jpg,https://randomuser.me/api/portraits/med/women/48.jpg,https://randomuser.me/api/portraits/thumb/women/48.jpg,DE
female,Miss,Wera,Sauermann,7648,Jahnstraße,Coesfeld,Schleswig-Holstein,Germany,57632,1.7085,-29.8580,+4:30,Kabul,wera.sauermann@example.com,3ea87e3f-b78f-4983-8c06-f6f3c0133ac8,beautifulpanda680,popeye,1AHmPwYT,41d90d6174f859f8d6078a7c7a74a062,c2078981b36223b574d8849025fffe12a91eee99,403bf6eb8e77ce25552b6c5f521bb46e836a95e2bfc7d6549ff650cb76ef5233,1980-10-12T00:31:48.465Z,42,2022-01-27T11:43:26.803Z,1,0884-3202161,0177-5648521,SVNR,82 111080 S 882,https://randomuser.me/api/portraits/women/42.jpg,https://randomuser.me/api/portraits/med/women/42.jpg,https://randomuser.me/api/portraits/thumb/women/42.jpg,DE
female,Miss,Teresa,Palmer,3429,The Drive,Portlaoise,Cork City,Ireland,61511,-50.9325,108.1570,+7:00,"Bangkok, Hanoi, Jakarta",teresa.palmer@example.com,56802010-d52c-4e54-9c06-57829a72c298,lazybear570,bones,NbJLoKzd,7bc1a574365f604c5e22909faeef0f12,ca742db81493c956a32d23067f852b8ca59a11bb,eb29a891a11b15592b1b736cb7fbb2a8514d6975f28796588dfa57be99f82572,1971-04-12T01:40:46.875Z,51,2003-03-06T23:12:09.069Z,19,011-105-3446,081-555-3507,PPS,4698356T,https://randomuser.me/api/portraits/women/94.jpg,https://randomuser.me/api/portraits/med/women/94.jpg,https://randomuser.me/api/portraits/thumb/women/94.jpg,IE
male,Mr,Vernon,Wheeler,4131,Grange Road,Tuam,Laois,Ireland,26258,-89.8888,-109.6865,-3:30,Newfoundland,vernon.wheeler@example.com,ae1cf557-a8c5-414d-83d2-e9d0f2329f02,tinybear777,modena,FrtDlH5z,63e4ed24cd528671e572c7b7371566a7,76d7895b0861ef860bd5d3f6ee5b184f9e45d6f9,91ea41071103fe9e99e234186b4fe954548dd03dca8aa7a014bff511b7886eec,1997-02-01T23:15:32.050Z,26,2013-02-24T17:17:24.267Z,9,031-966-6499,081-525-7426,PPS,7141783T,https://randomuser.me/api/portraits/men/51.jpg,https://randomuser.me/api/portraits/med/men/51.jpg,https://randomuser.me/api/portraits/thumb/men/51.jpg,IE
male,Mr,Gavin,Caldwell,2969,Cork Street,Fermoy,Carlow,Ireland,19356,-27.0572,-10.5653,-2:00,Mid-Atlantic,gavin.caldwell@example.com,daffb8d8-dbf4-4cf7-92e1-8bca75b42eaa,brownbird140,mylove,qWjilxju,1330905a210c8002c6ebfd7a9e7b6c9c,1740d3e2b69b8e923ca1ef7e59ef1a6e88aebcf0,8a79c1a1780784a53d5f6daf7eb6fcc203366c3213519c895d82e5e6d894006d,1991-01-16T00:14:40.807Z,32,2004-10-30T09:49:53.124Z,18,021-684-2427,081-592-9126,PPS,3248114T,https://randomuser.me/api/portraits/men/44.jpg,https://randomuser.me/api/portraits/med/men/44.jpg,https://randomuser.me/api/portraits/thumb/men/44.jpg,IE
female,Miss,Amelija,Groven,4217,Conradis gate,Stokke,Hordaland,Norway,3411,65.1307,76.9833,-3:30,Newfoundland,amelija.groven@example.com,253c9a62-1e89-43a6-84fe-063b082c09cb,tinygorilla685,teenie,WrYLA4P0,9fe0f5fa6f8a77f09908d1447a104b64,348a671543779fda9a1c76ec601c4168026c5123,8d7d7bc83fe86b3ae0a89c7ffb86bc7cc8aa0113f5cf4ac96dd1ce0885739ded,1956-09-05T10:19:25.258Z,66,2006-05-22T11:28:54.760Z,16,51253757,93959068,FN,05095602225,https://randomuser.me/api/portraits/women/68.jpg,https://randomuser.me/api/portraits/med/women/68.jpg,https://randomuser.me/api/portraits/thumb/women/68.jpg,NO
male,Mr,Dave,Soto,9124,Oak Lawn Ave,Warrnambool,New South Wales,Australia,6469,24.2149,-173.5287,-11:00,"Midway Island, Samoa",dave.soto@example.com,96cce1e8-340b-483e-a50e-8e42d3b08fa2,organicpeacock155,,tiSjAu2p,4778e27caf3df23f999aca8fac2d9468,9a494eda3437fce7db2e74654a2fd9d1231ab744,4ddc6566d6b551b110f2735905bd77617bac3c056a20d2a811bc3eab54ea76a3,1968-09-14T02:53:08.232Z,54,2017-05-30T00:51:13.370Z,5,03-8369-5763,0456-187-392,TFN,515998793,https://randomuser.me/api/portraits/men/57.jpg,https://randomuser.me/api/portraits/med/men/57.jpg,https://randomuser.me/api/portraits/thumb/men/57.jpg,AU
female,Mrs,Saheli,Kouser,7830,Old Jail Rd,Begusarai,Puducherry,India,55382,26.7052,7.8086,-8:00,Pacific Time (US & Canada),saheli.kouser@example.com,c3d7ba33-2460-46eb-b6f7-87493bc1ee89,purplebutterfly861,thethe,pqQnpBzd,ea9bf45fef8a8ada3efffcb98932a7c7,71ff3d397f16bf9d1d2f6c6febe5d9861c1c73bc,c9f74e46fa6daa2f67380be3464b2b74bda3f5db5c47afe06d1b6f926b7916b5,1968-01-30T07:54:05.083Z,55,2002-11-25T20:11:10.296Z,20,8786022707,7312331063,UIDAI,808088278687,https://randomuser.me/api/portraits/women/89.jpg,https://randomuser.me/api/portraits/med/women/89.jpg,https://randomuser.me/api/portraits/thumb/women/89.jpg,IN
female,Miss,Cheslava,Krupa,2069,Bulvar Igorya Shamo,Chop,Ternopilska,Ukraine,74725,-77.5463,-114.9453,-2:00,Mid-Atlantic,cheslava.krupa@example.com,c15297aa-3561-4fdb-9e91-43b4a4536838,ticklishelephant300,jeannie,8hoOaXrA,1e8c3d050c4a793a7614cc90fee3a7e3,95fb3c8f4106ebcd3cc549e7341a508b0072bf3e,7a6e09343826d34208749151963282c4803b8849c813c0fd324a2117fb03afba,1988-06-01T21:00:15.930Z,34,2014-01-31T16:04:52.234Z,9,(067) B35-9783,(099) T53-1605,,null,https://randomuser.me/api/portraits/women/55.jpg,https://randomuser.me/api/portraits/med/women/55.jpg,https://randomuser.me/api/portraits/thumb/women/55.jpg,UA
female,Miss,Emma,Sagstad,1365,Svaleveien,Spongdal,Buskerud,Norway,3285,-54.9082,39.4391,-8:00,Pacific Time (US & Canada),emma.sagstad@example.com,5ed74f61-a7b2-4cf9-b70a-eb81652a8560,sadelephant997,toyota,TeKeg1tK,0fdd83d58d4b236b9fc8a859f42e90dd,bd45a7056f066444b1545c03813e2a0633c12572,639d921c1d8b1b57968b3af732d2311cdc0e688a17f4830bb509e3ca4583d27a,1959-08-05T00:25:09.913Z,63,2016-05-23T00:55:33.668Z,6,68385912,40060992,FN,05085942672,https://randomuser.me/api/portraits/women/41.jpg,https://randomuser.me/api/portraits/med/women/41.jpg,https://randomuser.me/api/portraits/thumb/women/41.jpg,NO
female,Ms,Elsa,Saarinen,1223,Nordenskiöldinkatu,Pirkkala,Central Finland,Finland,48229,-10.6202,-110.1073,0:00,"Western Europe Time, London, Lisbon, Casablanca",elsa.saarinen@example.com,53d50459-670b-4578-a5ed-f73c66179d18,sadostrich622,johannes,lMiIoybn,ab4e37913af2060119b4e468a04942b8,86e5542508f9007957046f2c4a5c31ef9cbda2aa,791d9fb239a89c25c5a78c5280b7b7f6882046b40d2e9acb00815ecbafcffbbf,1975-07-27T21:34:15.874Z,47,2007-12-29T06:51:51.151Z,15,08-378-884,045-722-54-85,HETU,NaNNA236undefined,https://randomuser.me/api/portraits/women/49.jpg,https://randomuser.me/api/portraits/med/women/49.jpg,https://randomuser.me/api/portraits/thumb/women/49.jpg,FI
female,Miss,Ayah,Steunebrink,9368,Hooimijt,Echten,Overijssel,Netherlands,3149 MQ,-27.9101,72.6801,+7:00,"Bangkok, Hanoi, Jakarta",ayah.steunebrink@example.com,9d36e86e-96d2-48d4-bbbb-06ebf54fb039,ticklishmeercat991,twisted,glKlOVSZ,60b96784495cbcff091b433bdc964437,d28114da13f6be2cee3e89c2717a8d6d5c34460c,db55e62c1b08e6f77ab091aa6cc40a1f7d6f4d823b0ebcf35fd9f7e7615677d6,1944-12-01T05:19:54.245Z,78,2016-06-09T22:24:44.406Z,6,(017) 4633438,(06) 21126192,BSN,32963433,https://randomuser.me/api/portraits/women/63.jpg,https://randomuser.me/api/portraits/med/women/63.jpg,https://randomuser.me/api/portraits/thumb/women/63.jpg,NL
male,Mr,Ekapad,Rajesh,792,Mall Rd,Adoni,Madhya Pradesh,India,85390,50.0560,4.4416,-1:00,"Azores, Cape Verde Islands",ekapad.rajesh@example.com,543b30e5-e312-46c9-b33b-111ba2a7c80d,organicsnake911,nextel,LstwbIb4,a20d719f9bb113aafdc084ead8a11c4c,08c1e2c7672d2512a14745f9c538db15f823f75a,f0307f1b091503d61a419b2f4bb499a21bd35faf5fe71676359fbf8b90c89c8d,1984-12-29T08:55:50.148Z,38,2002-11-17T21:41:20.277Z,20,9840175233,9984494154,UIDAI,521776507190,https://randomuser.me/api/portraits/men/32.jpg,https://randomuser.me/api/portraits/med/men/32.jpg,https://randomuser.me/api/portraits/thumb/men/32.jpg,IN
male,Mr,Elias,Madsen,2855,Møllevænget,Støvring ,Sjælland,Denmark,57236,-58.1495,-128.8610,-11:00,"Midway Island, Samoa",elias.madsen@example.com,d16f8e11-ace0-400b-9d17-5d81514b0609,silverfish765,brodie,0rJSn0FU,f270dcf7d101e16d115b2d8012986979,fa3e93b6132fd2a93595c1e0636b3b2d063c990c,45ca91826097a7193bb9b4f042528cf8f42934791fd92bd8706fad73edbeec15,1951-03-19T09:41:43.882Z,71,2021-12-09T04:22:38.803Z,1,82622340,50163448,CPR,190351-0145,https://randomuser.me/api/portraits/men/93.jpg,https://randomuser.me/api/portraits/med/men/93.jpg,https://randomuser.me/api/portraits/thumb/men/93.jpg,DK
female,Mrs,Oya,Evliyaoğlu,2203,Fatih Sultan Mehmet Cd,Antalya,Elazığ,Turkey,89289,16.1124,-53.1628,-11:00,"Midway Island, Samoa",oya.evliyaoglu@example.com,8b17e036-96f6-4bdf-bf38-87a5f8463dbf,happykoala699,care1839,QpFkYfaj,1d59eb01188fca225a981525ef3b323c,b46c47ff1f716a05f6ab9b32f5f77ede90cbacb8,88e4358eed5c87daa2fc97cae36d84306f3d0ce07c97f5278190be8312fad5f6,1986-11-30T01:55:15.623Z,36,2018-04-09T22:36:31.208Z,4,(621)-537-2856,(948)-355-2931,,null,https://randomuser.me/api/portraits/women/39.jpg,https://randomuser.me/api/portraits/med/women/39.jpg,https://randomuser.me/api/portraits/thumb/women/39.jpg,TR
female,Mrs,Maeva,Macdonald,6816,Coastal Highway,Hudson,New Brunswick,Canada,F1C 2R7,-85.3673,130.9743,+8:00,"Beijing, Perth, Singapore, Hong Kong",maeva.macdonald@example.com,635aeba1-0b0b-462a-8fdd-5ec1f82d76c0,organicmouse572,lollipop,9clWnqhj,3712aedf09fafc40c26b5089c4528a3d,2c33da2da75c8b49c2454b825c7e0293a0c41401,5bfabac9873b20a8817725ff5cdf9fbb610357abaf11cb91735ac680e349ecd9,1956-04-23T06:04:51.918Z,66,2006-01-31T20:47:21.682Z,17,V76 A43-0268,M03 W17-2425,SIN,597828169,https://randomuser.me/api/portraits/women/31.jpg,https://randomuser.me/api/portraits/med/women/31.jpg,https://randomuser.me/api/portraits/thumb/women/31.jpg,CA
male,Mr,Iker,Marín,8088,Calle de La Luna,Alcalá de Henares,Cantabria,Spain,43204,-30.5194,105.6103,-6:00,"Central Time (US & Canada), Mexico City",iker.marin@example.com,9aa3dc30-60ec-4b00-a474-985d0750983a,bluefrog405,natural,ric1otGy,93023b3b324e696dfbd7e0488cd21690,1aa08e1c17e9b1902a2b95fc1a62e625df518fdf,f8375bf690fb10c1874a5555b817ac4575bc4cd3a66dceab40657b15f5f40bd9,1997-03-05T17:59:11.202Z,25,2019-04-09T23:47:20.627Z,3,991-184-504,684-708-611,DNI,23898283-W,https://randomuser.me/api/portraits/men/94.jpg,https://randomuser.me/api/portraits/med/men/94.jpg,https://randomuser.me/api/portraits/thumb/men/94.jpg,ES
female,Mrs,Lily,Campbell,9693,Woodlawn Avenue,Westport,Meath,Ireland,67946,-24.8336,144.9353,+5:30,"Bombay, Calcutta, Madras, New Delhi",lily.campbell@example.com,8a66c2e9-1c41-4e8a-868e-f40ef82904d4,goldenlion606,thedoors,5C0jYjdR,3ff715b3027e828bdf2ee6093fe1ef7a,f5fc0c946e9a19561d3412a6d6710b4e884a855a,a0a7323e950de2dd97a8ec2c1e38c6ec8849dd304f6e7ff36263f55601d86dd4,1972-04-12T08:44:35.781Z,50,2015-08-10T10:02:25.586Z,7,051-631-3831,081-399-6871,PPS,5054575T,https://randomuser.me/api/portraits/women/88.jpg,https://randomuser.me/api/portraits/med/women/88.jpg,https://randomuser.me/api/portraits/thumb/women/88.jpg,IE
female,Miss,Margarita,Vidal,3942,Calle de Alberto Aguilera,Orense,Región de Murcia,Spain,86405,26.3862,158.5890,-10:00,Hawaii,margarita.vidal@example.com,29e4345e-b1f6-4f57-88d9-d32ca6c1f849,tinypeacock133,abcde,0dDbcwUG,43b06c491b051055b578d3a7f9d26f85,c84ce3f84ded71a72cb412bddc19de5a283bf5d3,62642beea817d8a3b39650d29dcbca9be48e556e7ee2079e41a6fd53065e8169,1994-03-31T13:12:25.983Z,28,2015-06-27T17:21:14.666Z,7,960-075-379,635-485-243,DNI,67598940-E,https://randomuser.me/api/portraits/women/8.jpg,https://randomuser.me/api/portraits/med/women/8.jpg,https://randomuser.me/api/portraits/thumb/women/8.jpg,ES
male,Mr,Élson,Martins,7297,Rua São Luiz ,Botucatu,Rio Grande do Norte,Brazil,15168,70.2932,25.7704,-8:00,Pacific Time (US & Canada),elson.martins@example.com,bdc63ff4-b5ce-450e-bc9c-5b267c79597f,beautifulladybug534,1125,WkdvP4C7,229fef64ce33fc2caac39b18eeea33d7,f5ef24056b1043ececd098aa5fe008d9bcd089c8,17eac085a59fe4b63f6d2658a2ca430dee5b7421f7ffb2539fe853e3dff15177,1972-01-12T06:43:31.807Z,51,2015-11-03T09:16:05.288Z,7,(95) 4777-7615,(02) 2404-1663,CPF,233.202.477-32,https://randomuser.me/api/portraits/men/59.jpg,https://randomuser.me/api/portraits/med/men/59.jpg,https://randomuser.me/api/portraits/thumb/men/59.jpg,BR
female,Miss,Enni,Wiitala,7648,Myllypuronkatu,Laitila,Kymenlaakso,Finland,42381,58.0828,-160.5087,-5:00,"Eastern Time (US & Canada), Bogota, Lima",enni.wiitala@example.com,760d552c-1563-4133-9263-afb0ac72e8d6,lazyleopard652,herbie,aPgGV04B,33fcb44ac75b91eee7bb5ef51e3cb02b,c30bf4686d046d61d3e53e07aa97e1ad85683d12,50bcff0ad72d21a4b55c7e9c6e283d3d36b7fedae0a54f8276427ddcf045b442,1950-01-22T15:51:41.614Z,73,2006-02-03T00:59:35.731Z,17,05-176-295,040-109-08-86,HETU,NaNNA640undefined,https://randomuser.me/api/portraits/women/54.jpg,https://randomuser.me/api/portraits/med/women/54.jpg,https://randomuser.me/api/portraits/thumb/women/54.jpg,FI
male,Mr,Ewen,Gaillard,2899,Route de Genas,Rueil-Malmaison,Guyane,France,23694,6.4463,-106.3246,-5:00,"Eastern Time (US & Canada), Bogota, Lima",ewen.gaillard@example.com,a5dbb0ba-af6d-4d65-8132-b3c8a7d941fc,organicfish733,michaels,cNkMdM4t,10977da05fb0d0285c30f7895f798736,6bec6493c52c7b10c3e1fe4fdfa66107a8911529,a2eb5b03cc13370366df87b6304e572a498eb9ca6cdc85abc170e6f7323eeb99,1987-08-13T19:29:47.467Z,35,2014-08-18T02:17:15.004Z,8,05-94-24-20-54,06-76-70-94-82,INSEE,1870713762018 21,https://randomuser.me/api/portraits/men/98.jpg,https://randomuser.me/api/portraits/med/men/98.jpg,https://randomuser.me/api/portraits/thumb/men/98.jpg,FR
male,Mr,Juan,Adams,7792,Patrick Street,Listowel,Carlow,Ireland,59336,-49.8295,-2.9921,-4:00,"Atlantic Time (Canada), Caracas, La Paz",juan.adams@example.com,dfb2d5ec-29a0-4993-9602-80870f110957,goldenswan921,secrets,7tjirAHk,3cbea6ed877f65a6109b57174aa4b664,caeaacfbea6c49f4605f578ad8f710a71d9e9624,bcbf6b6c5b3b49745e2a5a54110ad584a66e2984f3fe455227bb47f5171a2b95,1988-05-24T21:04:12.633Z,34,2010-07-02T05:11:49.617Z,12,071-547-3822,081-783-1541,PPS,6566043T,https://randomuser.me/api/portraits/men/67.jpg,https://randomuser.me/api/portraits/med/men/67.jpg,https://randomuser.me/api/portraits/thumb/men/67.jpg,IE
female,Miss,Mona,Tverå,9706,Wildenveybakken,Drag,Nordland,Norway,5174,-8.3190,37.8113,+10:00,"Eastern Australia, Guam, Vladivostok",mona.tvera@example.com,898581c7-aed4-49a7-aff5-63e72845728e,angrybird195,system,JTKqQHmL,4c95d07200c2be16bbefcc6d7ef40752,6e9b7b632b6b27f6951a2582863a20d0dc97fd1c,4c5400b0a258752cd999f3d5187564a2c5787187efd46eef333b78e7dd6aea3f,1999-02-16T09:08:58.431Z,23,2019-03-08T18:18:17.611Z,3,78091597,99414609,FN,16029901477,https://randomuser.me/api/portraits/women/41.jpg,https://randomuser.me/api/portraits/med/women/41.jpg,https://randomuser.me/api/portraits/thumb/women/41.jpg,NO
male,Mr,بردیا,علیزاده,1821,قائم مقام فراهانی,همدان,یزد,Iran,38178,-15.6529,39.8303,+9:30,"Adelaide, Darwin",brdy.aalyzdh@example.com,e0ce886f-aaa7-4fe9-b8c7-4bc272bd6815,whiterabbit648,score,xHxtmeib,0ef0f177c524a62b4e5980e1d9338d09,2d5af27607de754fc51a42dc6d691467acc0a23e,c5813bd5bf881b39d1db9ffb75ddfd0052a2d963cfac59c521b9cc97901f8d1c,1999-08-15T15:51:58.480Z,23,2002-12-08T02:22:40.130Z,20,000-02154737,0921-462-4791,,null,https://randomuser.me/api/portraits/men/96.jpg,https://randomuser.me/api/portraits/med/men/96.jpg,https://randomuser.me/api/portraits/thumb/men/96.jpg,IR
male,Mr,آراد,علیزاده,7114,فلاحی,خوی,آذربایجان شرقی,Iran,68347,-69.6824,-37.4963,-12:00,"Eniwetok, Kwajalein",ard.aalyzdh@example.com,416014c2-2262-45a4-90d2-72ad7473b8e3,greenlion109,skittles,sKnSNU0p,0f7f30c4dd387779668f7ddb7bf9550e,32db625695edcc16a65b8344b85f4743648d400e,5ca4ad156de73cdaf15950799f9de9d1acc0c29d699bacb2c696c355bae27b99,1959-10-15T03:20:54.589Z,63,2021-08-09T10:33:56.100Z,1,067-65232559,0974-289-5031,,null,https://randomuser.me/api/portraits/men/27.jpg,https://randomuser.me/api/portraits/med/men/27.jpg,https://randomuser.me/api/portraits/thumb/men/27.jpg,IR
male,Mr,Lionel,Wittek,1164,Kirchplatz,Rathenow,Saarland,Germany,18607,80.7551,-131.0940,-8:00,Pacific Time (US & Canada),lionel.wittek@example.com,4b546d22-7c91-4424-a2c5-fc4c96eafed6,ticklishcat196,cowboy,yTOP6yO9,bd3e2f5466860072004f2cb5922a72d6,af06465d167c878fb9060d53a1382a861b1df534,ad94d18b5dde918ca1e86e566778acfbc3597cd4a707ca6c071bda6af9cc29a2,1948-12-04T11:14:27.506Z,74,2019-06-08T16:57:23.064Z,3,0152-4294531,0170-9072644,SVNR,04 041248 W 330,https://randomuser.me/api/portraits/men/47.jpg,https://randomuser.me/api/portraits/med/men/47.jpg,https://randomuser.me/api/portraits/thumb/men/47.jpg,DE
male,Mr,Kenzo,Leclerc,5451,Avenue Goerges Clémenceau,Bordeaux,Hautes-Pyrénées,France,59660,27.1088,-103.6993,+1:00,"Brussels, Copenhagen, Madrid, Paris",kenzo.leclerc@example.com,3b72395b-9cd4-4e8e-89c8-f5073d1e9f34,goldenlion569,engage,wzcDTrgr,762baa35d290388ceb39299ed6479df4,59f7731ee7d3b85d4a9f7bec3d6725dc5582a181,72ae6725f04ab0e912f8bc8418b7c5c8a0350d1ce3cd5531337f13c79c7d86f5,1951-12-28T05:11:53.519Z,71,2004-01-06T10:09:00.910Z,19,05-15-13-44-95,06-92-89-47-53,INSEE,1511167637902 56,https://randomuser.me/api/portraits/men/36.jpg,https://randomuser.me/api/portraits/med/men/36.jpg,https://randomuser.me/api/portraits/thumb/men/36.jpg,FR
male,Mr,Mitesh,Gamskar,4888,Rani No Hajiro,Akola,Daman and Diu,India,55759,-32.2175,-128.3020,+4:30,Kabul,mitesh.gamskar@example.com,b265d3d9-c06c-495d-99e8-ca6892db5e48,sadostrich620,skibum,yZUO7ctS,9e85dac7cecfab2489637fafe3b70d7b,5c2d7a2b65aeaef16b18accd01905735ffaaee2a,73ce4165b4a4d7c2d2d8f5e84da171f870603b0c6adfff05465063114f06cfb8,1980-09-15T03:34:20.422Z,42,2017-01-01T02:37:25.767Z,6,9850679358,8796573764,UIDAI,387783490289,https://randomuser.me/api/portraits/men/15.jpg,https://randomuser.me/api/portraits/med/men/15.jpg,https://randomuser.me/api/portraits/thumb/men/15.jpg,IN
female,Miss,Christy,Reyes,5915,Spring St,Allen,Nevada,United States,19941,-67.7295,10.0394,+1:00,"Brussels, Copenhagen, Madrid, Paris",christy.reyes@example.com,ffebe5a8-fa78-42c9-9c83-4a33760ea1d6,tinywolf149,steve,n3uEFnnf,e04924a3fcc9da914faa3d8bded27b62,9eeb9a328057ff361429bc860c25087b3d6d9b64,c43fa615848bbc4878ea338b2d679129a2e4a908c13fd506935374ebeeb2dfe4,1959-10-23T01:19:20.654Z,63,2003-05-13T21:36:20.740Z,19,(311) 934-2387,(610) 505-1939,SSN,542-31-0025,https://randomuser.me/api/portraits/women/5.jpg,https://randomuser.me/api/portraits/med/women/5.jpg,https://randomuser.me/api/portraits/thumb/women/5.jpg,US
female,Miss,Aldonza,Téllez,5910,Ampliación Guatemala,Jungapeo,Michoacan,Mexico,41129,-83.9026,153.6460,+3:30,Tehran,aldonza.tellez@example.com,7bda043c-0b15-4235-930a-4c0d0dd3ccbd,bluepanda347,easter,aEMjMI6K,e5ab80550be3be9dbdb7df4f3a3fa0c6,5d6d7e332c7f1186ddeed7b1957dbd0f64473333,9030f991f8547da941e142a2fc3a7205f235e9768cf40d191c8faddf4c327716,1976-06-05T19:14:01.265Z,46,2022-01-01T12:37:58.903Z,1,(695) 070 1396,(606) 846 0366,NSS,79 05 47 0411 7,https://randomuser.me/api/portraits/women/84.jpg,https://randomuser.me/api/portraits/med/women/84.jpg,https://randomuser.me/api/portraits/thumb/women/84.jpg,MX